Ticker,ZigZagStatus,ZigZagSourceRows,ZigZagUsableRows,ZigZagConfirmedPivots,ZigZagCurrentStatus,ZigZagSwingCount,PriceMovementStatus,PriceMovementSwingCount,MovementProfileCharacter,ErrorStage,ErrorMessage
AAA,OK,4030,4030,518,PROVISIONAL,517,OK,517,MIXED,,
AAH,OK,666,666,149,PROVISIONAL,148,OK,148,MIXED,,
AAS,OK,1536,1536,313,PROVISIONAL,312,OK,312,MIXED,,
AAV,OK,2050,2050,379,PROVISIONAL,378,OK,378,MIXED,,
ABB,OK,1425,1425,154,PROVISIONAL,153,OK,153,TRENDING_UP,,
ABS,OK,1624,1624,206,PROVISIONAL,205,OK,205,MIXED,,
ABW,OK,825,825,113,PROVISIONAL,112,OK,112,MIXED,,
ACB,OK,4938,4938,439,PROVISIONAL,438,OK,438,MIXED,,
ACV,OK,2453,2453,206,PROVISIONAL,205,OK,205,MIXED,,
ADS,OK,2553,2553,277,PROVISIONAL,276,OK,276,MIXED,,
AFX,OK,2438,2438,355,PROVISIONAL,354,OK,354,MIXED,,
AGG,OK,1668,1668,131,PROVISIONAL,130,OK,130,MIXED,,
AGR,OK,4181,4181,607,PROVISIONAL,606,OK,606,MIXED,,
AMS,OK,2404,2404,436,PROVISIONAL,435,OK,435,MIXED,,
AMV,OK,4169,4169,805,PROVISIONAL,804,OK,804,MIXED,,
ANV,OK,4677,4677,709,PROVISIONAL,708,OK,708,MIXED,,
APF,OK,2319,2319,187,PROVISIONAL,186,OK,186,MIXED,,
APG,OK,4100,4100,743,PROVISIONAL,742,OK,742,MIXED,,
APH,OK,1533,1533,161,PROVISIONAL,160,OK,160,MIXED,,
API,OK,4208,4208,898,PROVISIONAL,897,OK,897,MIXED,,
APS,OK,4289,4289,862,PROVISIONAL,861,OK,861,MIXED,,
ASM,OK,4155,4155,552,PROVISIONAL,551,OK,551,MIXED,,
ASP,OK,4635,4635,651,PROVISIONAL,650,OK,650,TRENDING_UP,,
BAF,OK,1192,1192,97,PROVISIONAL,96,OK,96,TRENDING_UP,,
BCM,OK,2135,2135,275,PROVISIONAL,274,OK,274,MIXED,,
BFC,OK,2734,2734,348,PROVISIONAL,347,OK,347,MIXED,,
BIC,OK,3751,3751,425,PROVISIONAL,424,OK,424,MIXED,,
BID,OK,3151,3151,287,PROVISIONAL,286,OK,286,MIXED,,
BIG,OK,1167,1167,282,PROVISIONAL,281,OK,281,MIXED,,
BII,OK,2828,2828,743,PROVISIONAL,742,OK,742,MIXED,,
BKG,OK,1422,1422,152,PROVISIONAL,151,OK,151,MIXED,,
BMI,OK,4925,4925,597,PROVISIONAL,596,OK,596,MIXED,,
BMP,OK,5032,5032,516,PROVISIONAL,515,OK,515,MIXED,,
BMS,OK,2025,2025,372,PROVISIONAL,371,OK,371,MIXED,,
BSI,OK,3779,3779,576,PROVISIONAL,575,OK,575,MIXED,,
BSR,OK,2128,2128,332,PROVISIONAL,331,OK,331,MIXED,,
BVB,OK,1537,1537,193,PROVISIONAL,192,OK,192,MIXED,,
BVH,OK,4301,4301,513,PROVISIONAL,512,OK,512,MIXED,,
BVS,OK,4924,4924,758,PROVISIONAL,757,OK,757,MIXED,,
BWE,OK,2287,2287,182,PROVISIONAL,181,OK,181,MIXED,,
C4G,OK,1938,1938,315,PROVISIONAL,314,OK,314,MIXED,,
C69,OK,2351,2351,474,PROVISIONAL,473,OK,473,MIXED,,
CAP,OK,4659,4659,553,PROVISIONAL,552,OK,552,MIXED,,
CCL,OK,3879,3879,596,PROVISIONAL,595,OK,595,MIXED,,
CDC,OK,4699,4699,704,PROVISIONAL,703,OK,703,MIXED,,
CEO,OK,2990,2990,550,PROVISIONAL,549,OK,549,MIXED,,
CII,OK,5070,5070,621,PROVISIONAL,620,OK,620,MIXED,,
CKG,OK,1619,1619,222,PROVISIONAL,221,OK,221,TRENDING_DOWN,,
CMG,OK,4151,4151,548,PROVISIONAL,547,OK,547,MIXED,,
CMS,OK,3942,3942,722,PROVISIONAL,721,OK,721,MIXED,,
CRC,OK,2017,2017,242,PROVISIONAL,241,OK,241,MIXED,,
CRE,OK,2006,2006,205,PROVISIONAL,204,OK,204,MIXED,,
CSM,OK,4267,4267,412,PROVISIONAL,411,OK,411,MIXED,,
CSV,OK,2874,2874,339,PROVISIONAL,338,OK,338,MIXED,,
CTD,OK,4153,4153,453,PROVISIONAL,452,OK,452,MIXED,,
CTF,OK,2324,2324,205,PROVISIONAL,204,OK,204,MIXED,,
CTG,OK,4285,4285,392,PROVISIONAL,391,OK,391,MIXED,,
CTI,OK,4116,4116,587,PROVISIONAL,586,OK,586,MIXED,,
CTP,OK,2534,2534,576,PROVISIONAL,575,OK,575,MIXED,,
CTR,OK,2211,2211,269,PROVISIONAL,268,OK,268,MIXED,,
CTS,OK,4271,4271,604,PROVISIONAL,603,OK,603,MIXED,,
CVN,OK,4013,4013,859,PROVISIONAL,858,OK,858,MIXED,,
D2D,OK,4264,4264,496,PROVISIONAL,495,OK,495,MIXED,,
DAH,OK,2481,2481,346,PROVISIONAL,345,OK,345,MIXED,,
DBC,OK,4612,4612,640,PROVISIONAL,639,OK,639,MIXED,,
DC4,OK,4455,4455,899,PROVISIONAL,898,OK,898,MIXED,,
DCL,OK,4492,4492,548,PROVISIONAL,547,OK,547,TRENDING_UP,,
DCM,OK,2865,2865,282,PROVISIONAL,281,OK,281,MIXED,,
DDB,OK,414,414,49,PROVISIONAL,48,OK,48,MIXED,,
DDV,OK,2820,2820,565,PROVISIONAL,564,OK,564,MIXED,,
DGC,OK,3006,3006,348,PROVISIONAL,347,OK,347,MIXED,,
DGW,OK,2780,2780,356,PROVISIONAL,355,OK,355,MIXED,,
DHA,OK,5594,5594,542,PROVISIONAL,541,OK,541,MIXED,,
DHC,OK,4280,4280,459,PROVISIONAL,458,OK,458,MIXED,,
DIG,OK,4261,4261,646,PROVISIONAL,645,OK,645,MIXED,,
DL1,OK,4125,4125,673,PROVISIONAL,672,OK,672,MIXED,,
DLG,OK,4052,4052,697,PROVISIONAL,696,OK,696,MIXED,,
DPG,OK,2412,2412,358,PROVISIONAL,357,OK,357,MIXED,,
DPM,OK,4701,4701,446,PROVISIONAL,445,OK,445,MIXED,,
DPR,OK,4682,4682,409,PROVISIONAL,408,OK,408,MIXED,,
DRC,OK,4910,4910,507,PROVISIONAL,506,OK,506,MIXED,,
DRH,OK,4028,4028,694,PROVISIONAL,693,OK,693,MIXED,,
DRI,OK,2331,2331,358,PROVISIONAL,357,OK,357,MIXED,,
DSE,OK,553,553,56,PROVISIONAL,55,OK,55,MIXED,,
DSH,OK,351,351,76,PROVISIONAL,75,OK,75,MIXED,,
DST,OK,4717,4717,1047,PROVISIONAL,1046,OK,1046,MIXED,,
DTD,OK,2205,2205,404,PROVISIONAL,403,OK,403,MIXED,,
DVM,OK,1039,1039,120,PROVISIONAL,119,OK,119,MIXED,,
DXG,OK,4173,4173,626,PROVISIONAL,625,OK,625,MIXED,,
DXP,OK,5110,5110,697,PROVISIONAL,696,OK,696,MIXED,,
DXS,OK,1288,1288,195,PROVISIONAL,194,OK,194,MIXED,,
EIB,OK,4213,4213,337,PROVISIONAL,336,OK,336,MIXED,,
ELC,OK,3973,3973,527,PROVISIONAL,526,OK,526,MIXED,,
EVF,OK,2018,2018,325,PROVISIONAL,324,OK,324,MIXED,,
EVG,OK,2317,2317,361,PROVISIONAL,360,OK,360,MIXED,,
EVS,OK,2022,2022,390,PROVISIONAL,389,OK,389,MIXED,,
FCN,OK,3530,3530,436,PROVISIONAL,435,OK,435,MIXED,,
FIR,OK,1975,1975,174,PROVISIONAL,173,OK,173,MIXED,,
FIT,OK,3275,3275,481,PROVISIONAL,480,OK,480,MIXED,,
FOC,OK,1938,1938,176,PROVISIONAL,175,OK,175,MIXED,,
FOX,OK,2415,2415,226,PROVISIONAL,225,OK,225,MIXED,,
FPT,OK,4922,4922,389,PROVISIONAL,388,OK,388,MIXED,,
FRT,OK,2097,2097,272,PROVISIONAL,271,OK,271,MIXED,,
FTS,OK,2413,2413,314,PROVISIONAL,313,OK,313,MIXED,,
G36,OK,2428,2428,494,PROVISIONAL,493,OK,493,MIXED,,
GAS,OK,3576,3576,332,PROVISIONAL,331,OK,331,MIXED,,
GDA,OK,755,755,81,PROVISIONAL,80,OK,80,MIXED,,
GEE,OK,1113,1113,195,PROVISIONAL,194,OK,194,MIXED,,
GEG,OK,2367,2367,252,PROVISIONAL,251,OK,251,MIXED,,
GEX,OK,2718,2718,371,PROVISIONAL,370,OK,370,MIXED,,
GIL,OK,6143,6143,719,PROVISIONAL,718,OK,718,MIXED,,
GMD,OK,6085,6085,590,PROVISIONAL,589,OK,589,MIXED,,
GVR,OK,2115,2115,316,PROVISIONAL,315,OK,315,MIXED,,
HAG,OK,4424,4424,573,PROVISIONAL,572,OK,572,MIXED,,
HAH,OK,2879,2879,318,PROVISIONAL,317,OK,317,MIXED,,
HAP,OK,6187,6187,677,PROVISIONAL,676,OK,676,MIXED,,
HAR,OK,3406,3406,547,PROVISIONAL,546,OK,546,MIXED,,
HAX,OK,4913,4913,711,PROVISIONAL,710,OK,710,MIXED,,
HBC,OK,4904,4904,670,PROVISIONAL,669,OK,669,MIXED,,
HCM,OK,4327,4327,541,PROVISIONAL,540,OK,540,MIXED,,
HDB,OK,2168,2168,201,PROVISIONAL,200,OK,200,MIXED,,
HDC,OK,4721,4721,644,PROVISIONAL,643,OK,643,MIXED,,
HDG,OK,4144,4144,564,PROVISIONAL,563,OK,563,MIXED,,
HHG,OK,4021,4021,1200,PROVISIONAL,1199,OK,1199,MIXED,,
HHP,OK,2017,2017,232,PROVISIONAL,231,OK,231,TRENDING_UP,,
HHS,OK,3641,3641,540,PROVISIONAL,539,OK,539,MIXED,,
HHV,OK,2675,2675,244,PROVISIONAL,243,OK,243,MIXED,,
HID,OK,2545,2545,357,PROVISIONAL,356,OK,356,MIXED,,
HII,OK,2307,2307,310,PROVISIONAL,309,OK,309,TRENDING_UP,,
HKT,OK,2416,2416,452,PROVISIONAL,451,OK,451,MIXED,,
HNG,OK,2782,2782,405,PROVISIONAL,404,OK,404,MIXED,,
HNM,OK,4912,4909,737,PROVISIONAL,736,OK,736,MIXED,,
HPG,OK,4693,4693,478,PROVISIONAL,477,OK,477,MIXED,,
HPX,OK,2036,2036,201,PROVISIONAL,200,OK,200,MIXED,,
HQC,OK,3968,3968,588,PROVISIONAL,587,OK,587,MIXED,,
HSG,OK,4435,4435,591,PROVISIONAL,590,OK,590,MIXED,,
HSL,OK,2089,2089,327,PROVISIONAL,326,OK,326,TRENDING_UP,,
HT1,OK,4695,4695,580,PROVISIONAL,579,OK,579,MIXED,,
HTI,OK,3925,3925,290,PROVISIONAL,289,OK,289,TRENDING_UP,,
HTN,OK,1958,1958,265,PROVISIONAL,264,OK,264,MIXED,,
HUT,OK,4597,4597,849,PROVISIONAL,848,OK,848,MIXED,,
HVH,OK,1944,1944,258,PROVISIONAL,257,OK,257,MIXED,,
HVN,OK,2416,2416,314,PROVISIONAL,313,OK,313,MIXED,,
IDC,OK,2193,2193,333,PROVISIONAL,332,OK,332,MIXED,,
IDI,OK,3798,3798,518,PROVISIONAL,517,OK,517,MIXED,,
IDJ,OK,3997,3997,891,PROVISIONAL,890,OK,890,MIXED,,
IJC,OK,4095,4095,524,PROVISIONAL,523,OK,523,MIXED,,
IPA,OK,2558,2558,383,PROVISIONAL,382,OK,382,MIXED,,
ITC,OK,4219,4219,554,PROVISIONAL,553,OK,553,MIXED,,
ITQ,OK,3484,3484,711,PROVISIONAL,710,OK,710,MIXED,,
JVC,OK,3805,3805,553,PROVISIONAL,552,OK,552,TRENDING_DOWN,,
KBC,OK,4666,4666,646,PROVISIONAL,645,OK,645,MIXED,,
KDC,OK,5174,5174,420,PROVISIONAL,419,OK,419,RANGE_BOUND,,
KDH,OK,4145,4145,399,PROVISIONAL,398,OK,398,MIXED,,
KHG,OK,1286,1286,184,PROVISIONAL,183,OK,183,MIXED,,
KLB,OK,2298,2298,362,PROVISIONAL,361,OK,361,MIXED,,
KOS,OK,2184,2184,132,PROVISIONAL,131,OK,131,MIXED,,
KSB,OK,4153,4153,482,PROVISIONAL,481,OK,481,MIXED,,
KSF,OK,1233,1233,118,PROVISIONAL,117,OK,117,MIXED,,
KVC,OK,2850,2850,1058,PROVISIONAL,1057,OK,1057,MIXED,,
L14,OK,3748,3748,683,PROVISIONAL,682,OK,682,MIXED,,
L40,OK,1404,1404,181,PROVISIONAL,180,OK,180,MIXED,,
LAS,OK,3632,3632,435,PROVISIONAL,434,OK,434,MIXED,,
LBE,OK,4632,4632,494,PROVISIONAL,493,OK,493,MIXED,,
LCG,OK,4448,4448,621,PROVISIONAL,620,OK,620,MIXED,,
LDG,OK,2773,2773,487,PROVISIONAL,486,OK,486,MIXED,,
LDP,OK,4034,4034,697,PROVISIONAL,696,OK,696,MIXED,,
LGL,OK,4226,4226,715,PROVISIONAL,714,OK,714,MIXED,,
LIG,OK,4094,4094,759,PROVISIONAL,758,OK,758,MIXED,,
LPB,OK,2225,2225,256,PROVISIONAL,255,OK,255,MIXED,,
LSG,OK,1087,1087,260,PROVISIONAL,259,OK,259,MIXED,,
LSS,OK,4656,4656,613,PROVISIONAL,612,OK,612,RANGE_BOUND,,
MBB,OK,3711,3711,253,PROVISIONAL,252,OK,252,MIXED,,
MBG,OK,2700,2700,572,PROVISIONAL,571,OK,571,MIXED,,
MBS,OK,2619,2619,406,PROVISIONAL,405,OK,405,MIXED,,
MCH,OK,2416,2416,178,PROVISIONAL,177,OK,177,TRENDING_UP,,
MCM,OK,1424,1424,79,PROVISIONAL,78,OK,78,MIXED,,
MHC,OK,5361,5361,834,PROVISIONAL,833,OK,833,MIXED,,
MIG,OK,2337,2337,281,PROVISIONAL,280,OK,280,MIXED,,
MSB,OK,1428,1428,113,PROVISIONAL,112,OK,112,MIXED,,
MSH,OK,1946,1946,197,PROVISIONAL,196,OK,196,MIXED,,
MSN,OK,4206,4206,403,PROVISIONAL,402,OK,402,MIXED,,
MSR,OK,2750,2750,453,PROVISIONAL,452,OK,452,MIXED,,
MST,OK,2591,2591,478,PROVISIONAL,477,OK,477,TRENDING_UP,,
MWG,OK,3041,3041,279,PROVISIONAL,278,OK,278,MIXED,,
MZG,OK,451,451,79,PROVISIONAL,78,OK,78,MIXED,,
NAB,OK,1475,1475,145,PROVISIONAL,144,OK,144,MIXED,,
NAF,OK,2734,2734,244,PROVISIONAL,243,OK,243,TRENDING_UP,,
NAG,OK,4240,4240,750,PROVISIONAL,749,OK,749,MIXED,,
NBB,OK,4388,4388,595,PROVISIONAL,594,OK,594,MIXED,,
NBC,OK,4887,4887,683,PROVISIONAL,682,OK,682,MIXED,,
NCT,OK,2917,2917,120,PROVISIONAL,119,OK,119,MIXED,,
NDN,OK,3848,3848,570,PROVISIONAL,569,OK,569,MIXED,,
NHA,OK,4033,4033,810,PROVISIONAL,809,OK,809,MIXED,,
NKG,OK,3907,3907,526,PROVISIONAL,525,OK,525,MIXED,,
NLG,OK,3354,3354,341,PROVISIONAL,340,OK,340,MIXED,,
NNC,OK,4051,4051,321,PROVISIONAL,320,OK,320,MIXED,,
NRC,OK,2111,2111,374,PROVISIONAL,373,OK,373,MIXED,,
NS2,OK,2301,2301,345,PROVISIONAL,344,OK,344,MIXED,,
NT2,OK,4142,4142,499,PROVISIONAL,498,OK,498,MIXED,,
NTL,OK,4667,4667,571,PROVISIONAL,570,OK,570,MIXED,,
NTP,OK,4929,4929,608,PROVISIONAL,607,OK,607,MIXED,,
NVB,OK,3997,3997,636,PROVISIONAL,635,OK,635,MIXED,,
NVL,OK,2424,2424,252,PROVISIONAL,251,OK,251,MIXED,,
OCB,OK,1403,1403,124,PROVISIONAL,123,OK,123,MIXED,,
OCH,OK,3983,3983,549,PROVISIONAL,548,OK,548,MIXED,,
ODE,OK,1167,1167,51,PROVISIONAL,50,OK,50,MIXED,,
OGC,OK,4087,4087,676,PROVISIONAL,675,OK,675,MIXED,,
OIL,OK,2132,2132,307,PROVISIONAL,306,OK,306,MIXED,,
ORS,OK,4031,4031,752,PROVISIONAL,751,OK,751,MIXED,,
PAC,OK,4922,4922,565,PROVISIONAL,564,OK,564,MIXED,,
PAN,OK,4898,4898,624,PROVISIONAL,623,OK,623,MIXED,,
PC1,OK,2454,2454,294,PROVISIONAL,293,OK,293,MIXED,,
PCH,OK,1032,1032,117,PROVISIONAL,116,OK,116,TRENDING_UP,,
PDR,OK,4024,4024,435,PROVISIONAL,434,OK,434,MIXED,,
PDV,OK,2343,2342,304,PROVISIONAL,303,OK,303,MIXED,,
PET,OK,4739,4739,569,PROVISIONAL,568,OK,568,MIXED,,
PFL,OK,3933,3933,1276,PROVISIONAL,1275,OK,1275,MIXED,,
PGB,OK,1427,1427,207,PROVISIONAL,206,OK,206,MIXED,,
PHP,OK,2767,2767,371,PROVISIONAL,370,OK,370,MIXED,,
PHR,OK,4262,4262,446,PROVISIONAL,445,OK,445,MIXED,,
PIV,OK,4008,4008,658,PROVISIONAL,657,OK,657,MIXED,,
PLC,OK,4886,4886,744,PROVISIONAL,743,OK,743,MIXED,,
PLX,OK,2349,2349,219,PROVISIONAL,218,OK,218,MIXED,,
PNJ,OK,4365,4365,387,PROVISIONAL,386,OK,386,MIXED,,
POW,OK,2124,2124,235,PROVISIONAL,234,OK,234,MIXED,,
PPC,OK,5056,5056,465,PROVISIONAL,464,OK,464,MIXED,,
PPT,OK,1052,1052,43,PROVISIONAL,42,OK,42,MIXED,,
PSD,OK,3301,3301,470,PROVISIONAL,469,OK,469,MIXED,,
PSI,OK,4033,4033,742,PROVISIONAL,741,OK,741,MIXED,,
PTB,OK,3782,3782,375,PROVISIONAL,374,OK,374,MIXED,,
PTL,OK,3988,3988,842,PROVISIONAL,841,OK,841,MIXED,,
PV2,OK,3929,3929,928,PROVISIONAL,927,OK,927,MIXED,,
PVB,OK,3175,3175,498,PROVISIONAL,497,OK,497,MIXED,,
PVC,OK,4698,4698,846,PROVISIONAL,845,OK,845,MIXED,,
PVD,OK,4928,4928,633,PROVISIONAL,632,OK,632,MIXED,,
PVP,OK,2426,2426,338,PROVISIONAL,337,OK,337,MIXED,,
PVS,OK,4738,4738,743,PROVISIONAL,742,OK,742,MIXED,,
PVT,OK,4676,4676,608,PROVISIONAL,607,OK,607,MIXED,,
QCG,OK,4018,4018,629,PROVISIONAL,628,OK,628,MIXED,,
QNS,OK,2432,2432,150,PROVISIONAL,149,OK,149,MIXED,,
QTP,OK,2376,2376,241,PROVISIONAL,240,OK,240,MIXED,,
REE,OK,6360,6360,532,PROVISIONAL,531,OK,531,MIXED,,
SAB,OK,2440,2440,172,PROVISIONAL,171,OK,171,MIXED,,
SAM,OK,6360,6360,617,PROVISIONAL,616,OK,616,MIXED,,
SBG,OK,694,694,42,PROVISIONAL,41,OK,41,MIXED,,
SBS,OK,3774,3774,1025,PROVISIONAL,1024,OK,1024,MIXED,,
SBT,OK,4629,4629,477,PROVISIONAL,476,OK,476,TRENDING_UP,,
SCG,OK,1350,1350,83,PROVISIONAL,82,OK,82,MIXED,,
SCL,OK,3989,3989,804,PROVISIONAL,803,OK,803,TRENDING_UP,,
SCR,OK,3949,3949,585,PROVISIONAL,584,OK,584,MIXED,,
SCS,OK,2289,2289,141,PROVISIONAL,140,OK,140,MIXED,,
SDA,OK,4914,4914,1023,PROVISIONAL,1022,OK,1022,MIXED,,
SGR,OK,2835,2835,441,PROVISIONAL,440,OK,440,MIXED,,
SHB,OK,4345,4345,514,PROVISIONAL,513,OK,513,MIXED,,
SHI,OK,4167,4167,511,PROVISIONAL,510,OK,510,MIXED,,
SHN,OK,4179,4179,938,PROVISIONAL,937,OK,937,TRENDING_UP,,
SHS,OK,4302,4302,747,PROVISIONAL,746,OK,746,MIXED,,
SIP,OK,1816,1816,239,PROVISIONAL,238,OK,238,MIXED,,
SJD,OK,4914,4914,348,PROVISIONAL,347,OK,347,MIXED,,
SJS,OK,5035,5035,639,PROVISIONAL,638,OK,638,MIXED,,
SKG,OK,3045,3045,292,PROVISIONAL,291,OK,291,RANGE_BOUND,,
SMC,OK,4954,4954,680,PROVISIONAL,679,OK,679,MIXED,,
SSB,OK,1369,1369,89,PROVISIONAL,88,OK,88,MIXED,,
SSI,OK,4910,4910,551,PROVISIONAL,550,OK,550,MIXED,,
ST8,OK,4670,4670,648,PROVISIONAL,647,OK,647,TRENDING_DOWN,,
STB,OK,5031,5031,502,PROVISIONAL,501,OK,501,TRENDING_UP,,
STH,OK,1625,1625,259,PROVISIONAL,258,OK,258,MIXED,,
STK,OK,2739,2739,360,PROVISIONAL,359,OK,359,MIXED,,
SVN,OK,3782,3782,717,PROVISIONAL,716,OK,716,TRENDING_UP,,
SZC,OK,1914,1914,271,PROVISIONAL,270,OK,270,MIXED,,
SZL,OK,4498,4498,473,PROVISIONAL,472,OK,472,MIXED,,
TAL,OK,660,660,85,PROVISIONAL,84,OK,84,MIXED,,
TCB,OK,2072,2072,177,PROVISIONAL,176,OK,176,MIXED,,
TCH,OK,2484,2484,367,PROVISIONAL,366,OK,366,MIXED,,
TCI,OK,1996,1996,260,PROVISIONAL,259,OK,259,MIXED,,
TCM,OK,4716,4716,574,PROVISIONAL,573,OK,573,MIXED,,
TCO,OK,4188,4180,582,PROVISIONAL,581,OK,581,MIXED,,
TCX,OK,226,226,31,PROVISIONAL,30,OK,30,MIXED,,
TDC,OK,4087,4087,491,PROVISIONAL,490,OK,490,MIXED,,
TDG,OK,2312,2312,347,PROVISIONAL,346,OK,346,MIXED,,
TDH,OK,4921,4921,649,PROVISIONAL,648,OK,648,MIXED,,
TDP,OK,1909,1909,226,PROVISIONAL,225,OK,225,MIXED,,
TDT,OK,2040,2040,199,PROVISIONAL,198,OK,198,RANGE_BOUND,,
THD,OK,1560,1560,104,PROVISIONAL,103,OK,103,MIXED,,
TIG,OK,3978,3977,734,PROVISIONAL,733,OK,733,MIXED,,
TIP,OK,2570,2570,276,PROVISIONAL,275,OK,275,MIXED,,
TLD,OK,2188,2188,264,PROVISIONAL,263,OK,263,TRENDING_UP,,
TLG,OK,4111,4111,488,PROVISIONAL,487,OK,487,MIXED,,
TLH,OK,4119,4119,547,PROVISIONAL,546,OK,546,MIXED,,
TNG,OK,4693,4693,813,PROVISIONAL,812,OK,812,MIXED,,
TNH,OK,1419,1419,124,PROVISIONAL,123,OK,123,MIXED,,
TNI,OK,2325,2325,288,PROVISIONAL,287,OK,287,MIXED,,
TPB,OK,2101,2101,195,PROVISIONAL,194,OK,194,MIXED,,
TSA,OK,551,551,39,PROVISIONAL,38,OK,38,MIXED,,
TSC,OK,4723,4723,808,PROVISIONAL,807,OK,807,MIXED,,
TTA,OK,1496,1496,142,PROVISIONAL,141,OK,141,MIXED,,
TTF,OK,4634,4634,724,PROVISIONAL,723,OK,723,TRENDING_DOWN,,
TTH,OK,2471,2471,525,PROVISIONAL,524,OK,524,MIXED,,
TV2,OK,4218,4218,544,PROVISIONAL,543,OK,543,MIXED,,
TVC,OK,2994,2994,380,PROVISIONAL,379,OK,379,MIXED,,
TVN,OK,2664,2664,521,PROVISIONAL,520,OK,520,MIXED,,
TVS,OK,2912,2912,303,PROVISIONAL,302,OK,302,MIXED,,
VAB,OK,1280,1280,115,PROVISIONAL,114,OK,114,MIXED,,
VBB,OK,1773,1773,239,PROVISIONAL,238,OK,238,MIXED,,
VC2,OK,4928,4928,881,PROVISIONAL,880,OK,880,MIXED,,
VC3,OK,4678,4678,508,PROVISIONAL,507,OK,507,RANGE_BOUND,,
VC7,OK,4667,4667,938,PROVISIONAL,937,OK,937,MIXED,,
VCB,OK,4297,4297,333,PROVISIONAL,332,OK,332,MIXED,,
VCG,OK,4497,4497,693,PROVISIONAL,692,OK,692,MIXED,,
VCI,OK,2296,2296,296,PROVISIONAL,295,OK,295,MIXED,,
VCK,OK,186,186,17,PROVISIONAL,16,OK,16,MIXED,,
VDS,OK,4282,4282,723,PROVISIONAL,722,OK,722,MIXED,,
VEA,OK,2052,2052,164,PROVISIONAL,163,OK,163,MIXED,,
VFS,OK,1545,1545,260,PROVISIONAL,259,OK,259,MIXED,,
VGC,OK,2719,2719,376,PROVISIONAL,375,OK,375,MIXED,,
VGI,OK,1992,1992,322,PROVISIONAL,321,OK,321,MIXED,,
VGS,OK,4438,4438,812,PROVISIONAL,811,OK,811,MIXED,,
VGT,OK,2423,2423,333,PROVISIONAL,332,OK,332,MIXED,,
VHC,OK,4665,4665,585,PROVISIONAL,584,OK,584,MIXED,,
VHE,OK,1915,1915,447,PROVISIONAL,446,OK,446,MIXED,,
VHG,OK,4637,4637,1135,PROVISIONAL,1134,OK,1134,MIXED,,
VHM,OK,2084,2084,202,PROVISIONAL,201,OK,201,MIXED,,
VIB,OK,2412,2412,225,PROVISIONAL,224,OK,224,MIXED,,
VIC,OK,4734,4734,426,PROVISIONAL,425,OK,425,TRENDING_UP,,
VIG,OK,4190,4190,1176,PROVISIONAL,1175,OK,1175,MIXED,,
VIP,OK,4916,4916,581,PROVISIONAL,580,OK,580,MIXED,,
VIW,OK,2170,2169,241,PROVISIONAL,240,OK,240,MIXED,,
VIX,OK,4163,4163,698,PROVISIONAL,697,OK,697,MIXED,,
VJC,OK,2386,2386,159,PROVISIONAL,158,OK,158,MIXED,,
VLC,OK,2723,2723,406,PROVISIONAL,405,OK,405,MIXED,,
VND,OK,4105,4105,585,PROVISIONAL,584,OK,584,MIXED,,
VNE,OK,4750,4750,680,PROVISIONAL,679,OK,679,MIXED,,
VNM,OK,5148,5148,331,PROVISIONAL,330,OK,330,MIXED,,
VOS,OK,3998,3998,714,PROVISIONAL,713,OK,713,MIXED,,
VPB,OK,2267,2267,213,PROVISIONAL,212,OK,212,MIXED,,
VPG,OK,2159,2159,252,PROVISIONAL,251,OK,251,TRENDING_DOWN,,
VPI,OK,2190,2190,127,PROVISIONAL,126,OK,126,MIXED,,
VPL,OK,339,339,42,PROVISIONAL,41,OK,41,MIXED,,
VPX,OK,189,189,25,PROVISIONAL,24,OK,24,MIXED,,
VRE,OK,2211,2211,246,PROVISIONAL,245,OK,245,MIXED,,
VSC,OK,4656,4656,482,PROVISIONAL,481,OK,481,MIXED,,
VTD,OK,1713,1713,296,PROVISIONAL,295,OK,295,MIXED,,
VTO,OK,4720,4720,507,PROVISIONAL,506,OK,506,MIXED,,
VTP,OK,1942,1942,212,PROVISIONAL,211,OK,211,MIXED,,
VTZ,OK,1198,1198,146,PROVISIONAL,145,OK,145,MIXED,,
VVS,OK,975,975,186,PROVISIONAL,185,OK,185,MIXED,,
WSS,OK,4180,4180,766,PROVISIONAL,765,OK,765,RANGE_BOUND,,
YEG,OK,2056,2056,334,PROVISIONAL,333,OK,333,MIXED,,
