Ticker,Date,Open,High,Low,Close,Volume,TradingValue,ConfigCode,ModelVersion,DeviationPct,PivotSeq,PivotType,PivotPrice,ConfirmedAtDate,ConfirmationPrice,ZigZagLow,ZigZagHigh,IsConfirmedPivot
MWG,2026-05-04,83.4,84.09,82.12,83.6,6372100,537795971136,,,,,,,,,,,False
MWG,2026-05-05,83.3,84.09,82.81,83.5,4720200,399466641796,,,,,,,,,,,False
MWG,2026-05-06,83.89,85.07,83.6,84.68,6696800,573612632580,,,,,,,,,,,False
MWG,2026-05-07,84.88,86.06,84.68,84.68,6344700,548782369480,,,,,,,,,,,False
MWG,2026-05-08,84.39,84.58,83.3,83.3,4605300,391678220676,,,,,,,,,,,False
MWG,2026-05-11,83.01,83.89,82.22,82.22,5716900,481217609558,,,,,,,,,,,False
MWG,2026-05-12,82.22,83.01,81.33,82.51,4934800,218141433858,,,,,,,,,,,False
MWG,2026-05-13,82.71,83.01,81.43,82.42,3536900,294392529755,,,,,,,,,,,False
MWG,2026-05-14,82.42,83.3,81.92,82.91,4001800,335875730828,,,,,,,,,,,False
MWG,2026-05-15,83.2,83.3,80.74,80.74,6691900,555502188023,,,,,,,,,,,False
MWG,2026-05-18,80.74,80.74,77.79,77.79,11953700,954158980161,,,,,,,,,,,False
MWG,2026-05-19,77.99,78.48,76.9,77.0,7953500,626006807580,,,,,,,,,,,False
MWG,2026-05-20,77.0,77.59,73.06,76.02,8786000,676500389839,ZZ_D_5_MVP,MVP1,0.05,273,LOW,73.06,2026-05-21,78.28,73.06,,True
MWG,2026-05-21,77.0,78.28,76.51,78.28,6597700,519951059150,,,,,,,,,,,False
MWG,2026-05-22,78.97,79.76,77.89,78.18,6083900,485459030928,ZZ_D_5_MVP,MVP1,0.05,274,HIGH,79.76,2026-05-29,75.13,,79.76,True
MWG,2026-05-25,78.87,78.87,77.2,77.49,2510300,198396869012,,,,,,,,,,,False
MWG,2026-05-26,77.79,78.18,77.1,77.3,2518800,198394060023,,,,,,,,,,,False
MWG,2026-05-27,77.89,79.17,77.59,78.77,4631100,369705714296,,,,,,,,,,,False
MWG,2026-05-28,78.77,79.07,76.51,76.51,4026400,319434425793,,,,,,,,,,,False
MWG,2026-05-29,76.51,77.1,74.64,75.13,7834500,601837611700,,,,,,,,,,,False
MWG,2026-06-01,75.33,77.89,75.33,77.89,3799400,296385828700,,,,,,,,,,,False
MWG,2026-06-02,78.18,78.18,76.31,76.71,2969500,232044889992,,,,,,,,,,,False
MWG,2026-06-03,76.61,77.3,75.72,77.3,4801100,373280120395,,,,,,,,,,,False
MWG,2026-06-04,77.3,77.3,75.82,77.2,4308300,313348739649,,,,,,,,,,,False
MWG,2026-06-05,77.3,77.69,76.41,76.8,3241800,253061420121,,,,,,,,,,,False
MWG,2026-06-08,75.82,76.11,75.13,75.23,4633800,355593607574,,,,,,,,,,,False
MWG,2026-06-09,75.33,76.31,75.13,76.21,1770800,136204670430,,,,,,,,,,,False
MWG,2026-06-10,75.92,77.1,75.43,77.0,2866200,222472837597,,,,,,,,,,,False
MWG,2026-06-11,77.1,77.3,75.72,75.72,3302700,256700531126,,,,,,,,,,,False
MWG,2026-06-12,76.61,76.61,75.13,75.23,4139700,318074450119,,,,,,,,,,,False
MWG,2026-06-15,75.82,78.48,75.82,78.18,7871700,618890370823,,,,,,,,,,,False
MWG,2026-06-16,78.18,78.58,77.59,78.18,3183300,252451980839,,,,,,,,,,,False
MWG,2026-06-17,78.08,78.58,77.49,77.89,4068800,323085240417,,,,,,,,,,,False
MWG,2026-06-18,77.39,77.79,76.8,77.49,3234500,253716738967,,,,,,,,,,,False
MWG,2026-06-19,77.49,77.69,76.31,76.8,2425600,189247429266,,,,,,,,,,,False
MWG,2026-06-22,76.8,76.8,75.82,76.02,2992900,231303637911,,,,,,,,,,,False
MWG,2026-06-23,75.92,76.02,74.83,74.83,6295100,480566868672,,,,,,,,,,,False
MWG,2026-06-24,74.83,76.61,73.85,76.61,4218000,321080620993,ZZ_D_5_MVP,MVP1,0.05,275,LOW,73.85,2026-06-29,77.79,73.85,,True
MWG,2026-06-25,75.92,76.31,75.52,76.02,3553800,273777690929,,,,,,,,,,,False
MWG,2026-06-26,75.92,77.3,75.33,77.3,4859300,377597198758,,,,,,,,,,,False
MWG,2026-06-29,77.2,77.99,76.9,77.79,4268900,336436339719,,,,,,,,,,,False
MWG,2026-06-30,77.59,77.79,76.41,76.9,4008800,313159529662,,,,,,,,,,,False
MWG,2026-07-01,76.8,78.77,76.51,78.77,6029400,479017801485,,,,,,,,,,,False
MWG,2026-07-02,78.97,80.15,78.18,78.48,4640200,373175168673,ZZ_D_5_MVP,MVP1,0.05,276,HIGH,80.15,2026-07-10,75.43,,80.15,True
MWG,2026-07-03,78.38,78.38,77.1,77.69,3276600,258197230309,,,,,,,,,,,False
MWG,2026-07-06,77.39,77.59,75.52,76.8,4935700,383659768256,,,,,,,,,,,False
MWG,2026-07-07,76.9,77.1,76.21,76.31,2154600,167384349601,,,,,,,,,,,False
MWG,2026-07-08,76.31,77.99,76.11,77.59,3145900,246641631630,,,,,,,,,,,False
MWG,2026-07-09,77.2,77.3,76.61,77.3,1582900,123712439718,,,,,,,,,,,False
MWG,2026-07-10,77.69,77.69,75.43,75.43,3169000,245358659734,,,,,,,,,,,False
MWG,2026-07-13,75.62,76.11,74.83,74.83,3721700,284536288057,,,,,,,,,,,False
MWG,2026-07-14,74.64,75.62,74.05,75.62,2788000,211678621027,,,,,,,,,,,False
MWG,2026-07-15,75.62,75.62,74.64,75.03,1802400,137315568158,,,,,,,,,,,False
MWG,2026-07-16,75.03,75.52,73.85,75.52,4353900,326382857000,,,,,,,,,,,False
MWG,2026-07-17,75.33,75.52,74.74,75.52,1827000,49479068593,,,,,,,,,,,False
MWG,2026-07-20,75.72,75.72,72.87,74.05,7676900,577861169533,,,,,,,,,,,False
MWG,2026-07-21,73.95,75.23,73.16,74.74,2872900,215900230599,,,,,,,,,,,False
MWG,2026-07-22,74.74,74.83,69.52,69.52,13474000,971794283315,,,,,,,,,,,False
MWG,2026-07-23,69.42,70.6,66.07,70.4,9066200,624565002007,,,,,,,,,,,False
MWG,2026-07-24,68.53,69.81,66.96,66.96,3613700,248836199222,,,,,,,,,,,False
MWG,2026-07-27,67.45,67.94,62.33,62.33,7694800,506216708184,,,,,,,,,,,False
MWG,2026-07-28,62.92,64.89,61.54,64.2,6958300,448536579106,ZZ_D_5_MVP,MVP1,0.05,277,LOW,61.54,2026-07-29,66.5,61.54,,True
MWG,2026-07-29,65.0,67.8,64.6,66.5,4613000,305157569974,,,,,,,,,,,False
MWG,2026-07-30,66.5,70.9,66.1,69.8,8424500,574785583317,,,,,,,,,,,False
MWG,2026-07-31,70.5,70.5,68.5,69.9,4562900,316829203712,,,,,,,,,,,False
MWG,2026-08-03,70.0,73.0,69.9,72.5,5091200,363089459998,,,,,,,,,,,False
MWG,2026-08-04,72.2,72.9,71.4,72.1,3706800,266566848686,,,,,,,,,,,False
MWG,2026-08-05,72.4,72.9,71.0,72.2,3955700,284321937696,,,,,,,,,,,False
MWG,2026-08-06,71.5,71.9,69.8,71.2,5330100,377216185845,,,,,,,,,,,False
MWG,2026-08-07,71.3,71.6,70.2,71.0,3084600,218668739646,,,,,,,,,,,False
MWG,2026-08-10,71.0,73.8,70.7,73.0,4628400,336019899384,,,,,,,,,,,False
MWG,2026-08-11,72.3,74.0,72.3,73.2,3120600,227807561458,,,,,,,,,,,False
MWG,2026-08-12,73.3,74.2,73.2,74.0,3065700,225887790410,,,,,,,,,,,False
MWG,2026-08-13,74.0,74.7,72.8,73.6,2669200,196969919128,,,,,,,,,,,False
MWG,2026-08-14,73.1,73.5,72.2,72.4,3164500,229915810557,,,,,,,,,,,False
MWG,2026-08-17,72.3,74.2,71.8,73.5,2140400,156048900150,,,,,,,,,,,False
MWG,2026-08-18,73.6,73.9,72.1,72.8,1649500,120364840597,,,,,,,,,,,False
MWG,2026-08-19,72.7,72.7,71.2,72.2,1995300,143411199897,,,,,,,,,,,False
MWG,2026-08-20,72.3,73.2,71.9,72.7,2493500,181001459258,,,,,,,,,,,False
MWG,2026-08-21,72.5,75.1,71.8,75.0,4995900,369253489636,,,,,,,,,,,False
MWG,2026-08-24,75.5,75.6,74.6,75.1,2470100,51408159151,,,,,,,,,,,False
MWG,2026-08-25,75.0,75.3,73.8,73.9,2556400,190834110473,,,,,,,,,,,False
MWG,2026-08-26,73.9,75.5,73.2,75.5,2162400,160971110505,,,,,,,,,,,False
MWG,2026-08-27,75.5,75.9,74.8,75.9,2305700,173886920767,ZZ_D_5_MVP,MVP1,0.05,278,HIGH,75.9,2026-09-07,72.0,,75.9,True
MWG,2026-08-28,75.7,75.7,74.8,75.0,2717400,204208419913,,,,,,,,,,,False
MWG,2026-09-03,74.0,74.6,73.2,73.2,2383900,175586888645,,,,,,,,,,,False
MWG,2026-09-04,73.2,73.6,72.8,73.1,2437300,178052049805,,,,,,,,,,,False
MWG,2026-09-07,73.1,73.5,71.4,72.0,3872100,279048258261,,,,,,,,,,,False
MWG,2026-09-08,71.6,72.9,71.2,72.3,1707500,123019929852,,,,,,,,,,,False
MWG,2026-09-09,72.3,72.6,71.4,71.6,1420300,102134560095,,,,,,,,,,,False
MWG,2026-09-10,71.6,73.3,71.2,72.9,2496200,180854090408,,,,,,,,,,,False
MWG,2026-09-11,72.5,72.5,71.3,71.3,2587600,185665932214,,,,,,,,,,,False
MWG,2026-09-14,71.3,71.5,68.6,69.8,3246500,227854321069,ZZ_D_5_MVP,MVP1,0.05,279,LOW,68.6,2026-09-17,73.1,68.6,,True
MWG,2026-09-15,69.8,71.2,69.8,71.2,1893100,133334068943,,,,,,,,,,,False
MWG,2026-09-16,71.0,71.6,70.3,71.5,2017700,143185089437,,,,,,,,,,,False
MWG,2026-09-17,71.0,73.5,70.8,73.1,4079900,296762678893,,,,,,,,,,,False
MWG,2026-09-18,73.1,73.5,72.4,72.5,1909000,139085009657,,,,,,,,,,,False
